{"schemaVersion":"1.0","appDefinitionTemplate":{"id":"/providers/Microsoft.PowerApps/apps/","type":"Microsoft.PowerApps/apps","tags":{"primaryDeviceWidth":"1366","primaryDeviceHeight":"768","sienaVersion":"20220327T005107Z-3.22022.23.0","deviceCapabilities":"","supportsPortrait":"false","supportsLandscape":"true","primaryFormFactor":"Tablet","publisherVersion":"3.22022.23","minimumRequiredApiVersion":"2.2.0","hasComponent":"false","hasUnlockedComponent":"false","isUnifiedRootApp":"false"},"properties":{"appVersion":"2022-03-27T00:51:07Z","lifeCycleId":"Published","createdByClientVersion":{"major":3,"minor":22022,"build":23,"revision":0,"majorRevision":0,"minorRevision":0},"minClientVersion":{"major":3,"minor":22022,"build":23,"revision":0,"majorRevision":0,"minorRevision":0},"backgroundColor":"rgba(0, 176, 240, 1)","backgroundImageUri":"/4965395605617398551/Nf29dd20e-687a-4dea-be21-7770bc777c3c-logoSmallFile","displayName":"Leave Request - Tablet","description":"Submit a vacation request for manager approval. Select date ranges, add notes and manage your time off.","commitMessage":"","appUris":{"documentUri":{"value":"/4965395605617398551/N5b4e4eb8-61a4-4559-8be5-06078acebd7c-document.msapp"},"imageUris":[]},"createdTime":"0001-01-01T00:00:00Z","lastModifiedTime":"0001-01-01T00:00:00Z","sharedGroupsCount":0,"sharedUsersCount":0,"icons":{"smallIconUri":"/4965395605617398551/Nc478515a-7658-4b95-8bba-00c5eee85991-small.png","mediumIconUri":"/4965395605617398551/Na5c6baf9-6614-466e-8e82-3ceda51f7b11-medium.png","largeIconUri":"/4965395605617398551/Na3181ec3-918c-47c9-9390-2ec449a5a6d0-large.png","wideIconUri":"/4965395605617398551/Nbb2b66a0-cc93-43e1-936a-b4efe23bdb7b-wide.png"},"connectionReferences":{"3d08df1a-c8f0-4fc6-8115-bc671ed3b356":{"id":"0c9cd18b-a568-4b65-8d07-93f03e3f17b6","displayName":"Office 365 Outlook","iconUri":"https://connectoricons-prod.azureedge.net/releases/v1.0.1563/1.0.1563.2732/office365/icon.png","dataSources":["Office365Outlook"],"dependencies":[],"dependents":[],"parameterHints":{},"parameterHintsV2":{},"isOnPremiseConnection":false,"bypassConsent":false,"dataSets":{},"apiTier":"Standard","isCustomApiConnection":false,"actions":["SendEmailV2"]},"6f72918a-7921-fa64-14bf-78187ad1b172":{"id":"35c5d676-7b7c-43d8-add0-2cd250d3d199","displayName":"Office 365 Users","iconUri":"https://connectoricons-prod.azureedge.net/releases/v1.0.1559/1.0.1559.2723/office365users/icon.png","dataSources":["Office365Users"],"dependencies":[],"dependents":[],"parameterHints":{},"parameterHintsV2":{},"isOnPremiseConnection":false,"bypassConsent":false,"dataSets":{},"apiTier":"Standard","isCustomApiConnection":false,"actions":["MyProfile","UserProfile","UserPhotoMetadata","UserPhoto","SearchUser","Manager"]},"1cc0e843-7382-4c40-ac4e-e05faaba0d45":{"id":"2eecee64-ba71-4b70-b803-0377ad065d35","displayName":"SharePoint","iconUri":"https://connectoricons-prod.azureedge.net/releases/v1.0.1559/1.0.1559.2723/sharepointonline/icon.png","dataSources":["Balance","Holidays","Leave"],"dependencies":[],"dependents":[],"parameterHints":{},"parameterHintsV2":{},"isOnPremiseConnection":false,"bypassConsent":false,"dataSets":{"https://powerappstim.sharepoint.com/sites/LeaveRequest":{"dataSources":{"Balance":{"tableName":"9782fd87-6b7d-41bc-9a0d-85ab2e70b386"},"Holidays":{"tableName":"82348a65-4517-4084-8531-29fc6d860b20"},"Leave":{"tableName":"0a4f6780-c839-4117-b34e-9eb2fea53217"}}}},"apiTier":"Standard","isCustomApiConnection":false,"actions":["providers/PowerPlatform.Governance/Operations/Read","providers/PowerPlatform.Governance/Operations/Write"]}},"databaseReferences":{},"almMode":"Environment","performanceOptimizationEnabled":true,"canConsumeAppPass":true,"executionRestrictions":{"isTeamsOnly":false,"dataLossPreventionEvaluationResult":{"status":"Compliant","lastEvaluationDate":"2022-01-28T15:18:39.8288834Z","violations":[],"violationsByPolicy":[],"violationErrorMessage":"The app uses the following connectors: shared_office365users, shared_office365, shared_excel, shared_onedriveforbusiness."}}},"appType":"ClassicCanvasApp","appComponents":[]}}